Metric Combination,FPR at threshold=0.5,TPR at threshold=0.5,FPR at TPR=1.0 (lowest FPR),Threshold at TPR=1.0,TPR at FPR=0 (highest TPR),Threshold at FPR=0,First Non-zero FPR,TPR at First Non-zero FPR,Threshold at First Non-zero FPR
BLEU,0.5000360653013652,0.9986414731079714,1.0,0.0020313406848520023,0.0,inf,0.015333333333333332,0.9973244147157191,0.9827683615819209
ROUGE-L,0.5040141946159797,0.9937840128189765,1.0,0.011653543307086614,0.0,inf,0.09266666666666666,0.988628762541806,0.9050118079244293
METEOR,0.49939424364123164,1.0,0.012666666666666666,0.9861386138613861,0.0,inf,0.012666666666666666,1.0,0.9861386138613861
BLEU & ROUGE-L,0.5000360653013652,0.9986414731079714,1.0,0.0020313406848520023,0.0,inf,0.015333333333333332,0.9973244147157191,0.9827683615819209
BLEU & METEOR,0.49939424364123164,1.0,0.012666666666666666,0.9861386138613861,0.0,inf,0.012666666666666666,1.0,0.9861386138613861
ROUGE-L & METEOR,0.49939424364123164,1.0,0.012666666666666666,0.9861386138613861,0.0,inf,0.012666666666666666,1.0,0.9861386138613861
BLEU & ROUGE-L & METEOR,0.49939424364123164,1.0,0.012666666666666666,0.9861386138613861,0.0,inf,0.012666666666666666,1.0,0.9861386138613861
