Metric Combination,FPR at threshold=0.5,TPR at threshold=0.5,FPR at TPR=1.0 (lowest FPR),Threshold at TPR=1.0,TPR at FPR=0 (highest TPR),Threshold at FPR=0,First Non-zero FPR,TPR at First Non-zero FPR,Threshold at First Non-zero FPR
BLEU,0.02444099188990858,1.0,0.016666666666666666,0.5752691615584163,0.022073578595317726,0.9918848999608215,0.0006666666666666666,0.022073578595317726,0.9917239166607442
ROUGE-L,0.08133333333333333,0.9820265575033049,0.13066666666666665,0.3204082233466665,0.0013377926421404682,0.9999827517989679,0.0013333333333333333,0.0013377926421404682,0.9995055149182198
METEOR,0.024937579587459863,1.0,0.012,0.735110302890952,0.016722408026755852,0.9988501978812132,0.0006666666666666666,0.016722408026755852,0.998848852898631
BLEU & ROUGE-L,0.03518469291372199,0.9979933110367893,0.038,0.47855439761588325,0.006688963210702341,0.9989368145182338,0.0006666666666666666,0.006688963210702341,0.998899030191628
BLEU & METEOR,0.02367749212978689,1.0,0.008,0.7240720549214784,0.1351170568561873,0.995438502059186,0.0006666666666666666,0.1351170568561873,0.9954313306810871
ROUGE-L & METEOR,0.03787921558638865,1.0,0.007333333333333333,0.7591562693491176,0.018060200668896322,0.9986385136600734,0.0006666666666666666,0.018060200668896322,0.9985919108730301
BLEU & ROUGE-L & METEOR,0.02157957460695665,1.0,0.005333333333333333,0.7568326562866041,0.16387959866220736,0.9934716381874873,0.0006666666666666666,0.16387959866220736,0.9934038819011801
