Metric Combination,FPR at threshold=0.5,TPR at threshold=0.5,FPR at TPR=1.0 (lowest FPR),Threshold at TPR=1.0,TPR at FPR=0 (highest TPR),Threshold at FPR=0,First Non-zero FPR,TPR at First Non-zero FPR,Threshold at First Non-zero FPR
BLEU,0.02987679650095365,1.0,0.016666666666666666,0.9144589062940705,0.022073578595317726,0.999999999999497,0.0006666666666666666,0.022073578595317726,0.9999999999994209
ROUGE-L,0.08066666666666666,0.9780158718998336,0.13066666666666665,0.20466847042575037,0.0006688963210702341,0.9996312666851611,0.0013333333333333333,0.0006688963210702341,0.9994397580727672
METEOR,0.0245172085510861,1.0,0.012,0.9548257211283239,0.016722408026755852,0.9999999540854637,0.0006666666666666666,0.016722408026755852,0.9999999540077873
BLEU & ROUGE-L,0.0376456931573814,1.0,0.03,0.7341880414094786,0.022073578595317726,0.9999999999999986,0.0006666666666666666,0.022073578595317726,0.9999999999999983
BLEU & METEOR,0.016693882434669856,1.0,0.01,0.9962701107052461,0.20267558528428092,0.9999999999999525,0.0006666666666666666,0.20267558528428092,0.9999999999999494
ROUGE-L & METEOR,0.036991002290135924,1.0,0.020666666666666667,0.8651431332144218,0.008026755852842809,0.9999999999217843,0.0006666666666666666,0.008026755852842809,0.9999999999154108
BLEU & ROUGE-L & METEOR,0.021466630215372925,1.0,0.017333333333333333,0.9874636451807381,0.0,inf,0.0006666666666666666,0.18327759197324414,1.0
